{
  "AWSEBDockerrunVersion": 2,
  "containerDefinitions": [
    {
      "name": "backend",
      "image": "jown196/myapp-backend:latest",
      "essential": true,
      "memoryReservation": 200,
      "portMappings": [{ "hostPort": 5000, "containerPort": 5000 }]
    },
    {
      "name": "frontend",
      "image": "jown196/myapp-frontend:latest",
      "essential": true,
      "memoryReservation": 200,
      "portMappings": [{ "hostPort": 80, "containerPort": 80 }]
    }
  ]
}